ID,STANDARD SOCIETY NAME Binford,ISO693_3,LangNam,ISO_PAST (use with WLMS language GIS data),LangNam_PAST (use with WLMS language GIS data),LangFamily_R,Class2,Class3,ISO_Note,Prelim_BantuTreeName,Prelim_ANTreeName,Prelim_IETreeName,Prelim_UATreeName,Prelim_SemiticTreeName,Possible Bantoid society?,Possible Bantu society (narrow Bantu)?,Possible Austronesian society?,Possible Indo-European society?,Possible Uto-Aztecan society?,Possible Semitic society?B1,Punan,sge,Segai,sge,Segai,Austronesian,Malayo-Polynesian,North Borneo,NA,NA,Check,NA,NA,NA,0,0,1,0,0,0B2,Batek,bya,Batak,bya,Batak,Austronesian,Malayo-Polynesian,Philippine,NA,NA,Check,NA,NA,NA,0,0,1,0,0,0B3,Kubu,kvb,Kubu,kvb,Kubu,Austronesian,Malayo-Polynesian,Malayo-Chamic,NA,NA,NA,NA,NA,NA,0,0,1,0,0,0B4,Shompen,sii,Shom Peng,sii,Shom Peng,Austro-Asiatic,Mon-Khmer,Nicobar,NA,NA,NA,NA,NA,NA,0,0,0,0,0,0B5,Onge,oon,Öñge,oon,Onge,South Andamanese,NA,NA,NA,NA,NA,NA,NA,NA,0,0,0,0,0,0B6,Jarwa,anq,Jarawa,anq,Jarawa,South Andamanese,NA,NA,NA,NA,NA,NA,NA,NA,0,0,0,0,0,0B7,Ayta (Pinatubo),abp,"Ayta, Abellen",abp,"Ayta, Abellen",Austronesian,Malayo-Polynesian,Philippine,NA,NA,Check,NA,NA,NA,0,0,1,0,0,0B8,Big Andaman Island,aci,Aka-Cari,aci,Aka-Cari,Great Andamanese,Northern,NA,NA,NA,NA,NA,NA,NA,0,0,0,0,0,0B9,Semang,kns,Kensiu,kns,Kensiu,Austro-Asiatic,Mon-Khmer,Aslian,NA,NA,NA,NA,NA,NA,0,0,0,0,0,0B10,Vedda,ved,Veddah,ved,Veddah,Indo-European,Indo-Iranian,Indo-Aryan,NA,NA,NA,NA,NA,NA,0,0,0,1,0,0B11,Hill Pandaran,mjp,Malapandaram,mjp,Malapandaram,Dravidian,Southern,Tamil-Kannada,NA,NA,NA,NA,NA,NA,0,0,0,0,0,0B12,Agta (Casiguran),dgc,"Agta, Casiguran Dumagat",dgc,"Agta, Casiguran Dumagat",Austronesian,Malayo-Polynesian,Philippine,NA,NA,Check,NA,NA,NA,0,0,1,0,0,0B13,Agta (Isabela),ibg,Ibanag,ibg,Ibanag,Austronesian,Malayo-Polynesian,Philippine,NA,NA,Check,NA,NA,NA,0,0,1,0,0,0B14,Agta (Cagayan),agt,"Agta, Central Cagayan",agt,"Agta, Central Cagayan",Austronesian,Malayo-Polynesian,Philippine,NA,NA,Check,NA,NA,NA,0,0,1,0,0,0B15,Chenchu,cde,Chenchu,cde,Chenchu,Dravidian,South-Central,Telugu,NA,NA,NA,NA,NA,NA,0,0,0,0,0,0B16,Mrabri,mra,Mlabri,mra,Mlabri,Austro-Asiatic,Mon-Khmer,Northern Mon-Khmer,NA,NA,NA,NA,NA,NA,0,0,0,0,0,0B17,Paliyans,pcf,Paliyan,pcf,Paliyan,Dravidian,Southern,Tamil-Kannada,NA,NA,NA,NA,NA,NA,0,0,0,0,0,0B18,Birhor,biy,Birhor,biy,Birhor,Austro-Asiatic,Munda,North Munda,NA,NA,NA,NA,NA,NA,0,0,0,0,0,0B19,Kadar,kej,Kadar,kej,Kadar,Dravidian,Southern,Tamil-Kannada,NA,NA,NA,NA,NA,NA,0,0,0,0,0,0B20,Cholanaickan,mal,Malayalam,mal,Malayalam,Dravidian,Southern,Tamil-Kannada,NA,NA,NA,NA,NA,NA,0,0,0,0,0,0B21,Nayaka,xuj,"Kurumba, Jennu",xuj,"Kurumba, Jennu",Dravidian,Southern,Tamil-Kannada,NA,NA,NA,NA,NA,NA,0,0,0,0,0,0B22,Ainu,ain,Ainu,ain,Ainu,Language isolate,NA,NA,NA,NA,NA,NA,NA,NA,0,0,0,0,0,0B23,Orogens,orh,Oroqen,orh,Oroqen,Altaic,Tungusic,Northern,NA,NA,NA,NA,NA,NA,0,0,0,0,0,0B24,Ket,ket,Ket,ket,Ket,Yeniseian,NA,NA,NA,NA,NA,NA,NA,NA,0,0,0,0,0,0B25,Gilyak,niv,Gilyak,niv,Gilyak,Language isolate,NA,NA,NA,NA,NA,NA,NA,NA,0,0,0,0,0,0B26,Yukaghir,ykg,"Yukaghir, Northern",ykg,"Yukaghir, Northern",Yukaghir,NA,NA,NA,NA,NA,NA,NA,NA,0,0,0,0,0,0B27,Nganasan,nio,Nganasan,nio,Nganasan,Uralic,Samoyed,Northern Samoyed,NA,NA,NA,NA,NA,NA,0,0,0,0,0,0B28,Siberian Eskimo,ess,"Yupik, Central Siberian",ess,"Yupik, Central Siberian",Eskimo-Aleut,Eskimo,Yupik,NA,NA,NA,NA,NA,NA,0,0,0,0,0,0B35,Paraujano,pbg,Paraujano,pbg,Paraujano,Maipurean,Northern,Maritime,NA,NA,NA,NA,NA,NA,0,0,0,0,0,0B36,Shiriana,shb,Ninam,shb,Ninam,Yanomaman,NA,NA,NA,NA,NA,NA,NA,NA,0,0,0,0,0,0B37,Akuriyo,ako,Akurio,ako,Akurio,Cariban,Tiriyó,Tiriyó,NA,NA,NA,NA,NA,NA,0,0,0,0,0,0B38,Yaruro-Pume,yae,Pumé,yae,Pume,Unclassified,NA,NA,NA,NA,NA,NA,NA,NA,0,0,0,0,0,0B39,Guahibo,guh,Guahibo,guh,Guahibo,Guajiboan,Guajibo,NA,NA,NA,NA,NA,NA,NA,0,0,0,0,0,0B40,Nukak,mbr,Nukak Makú,mbr,Nukak Maku,Puinavean,Cacua,NA,NA,NA,NA,NA,NA,NA,0,0,0,0,0,0B41,Bororo,bor,Borôro,bor,Bororo,Bororoan,NA,NA,NA,NA,NA,NA,NA,NA,0,0,0,0,0,0B42,Guato,gta,Guató,gta,Guato,Language isolate,NA,NA,NA,NA,NA,NA,NA,NA,0,0,0,0,0,0B43,Siriono,srq,Sirionó,srq,Siriono,Tupian,Tupí-Guaraní,Guarayú,NA,NA,NA,NA,NA,NA,0,0,0,0,0,0B44,Yuqui,yuq,Yuqui,yuq,Yuqui,Tupian,Tupí-Guaraní,Guarayú,NA,NA,NA,NA,NA,NA,0,0,0,0,0,0B45,Nambikwara,nab,"Nambikuára, Southern",nab,"Nambikuara, Southern",Nambiquaran,Mamaindê,NA,NA,NA,NA,NA,NA,NA,0,0,0,0,0,0B46,Calusa,q9j,Calusa,NO_ISO,NO_ISO,Language isolate,NA,NA,"No ISO code, Not in Ethnologue",NA,NA,NA,NA,NA,0,0,0,0,0,0B47,Guayaki (Ache),guq,Aché,guq,Ache,Tupian,Tupí-Guaraní,Guaraní,NA,NA,NA,NA,NA,NA,0,0,0,0,0,0B48,Botocudo,kqq,Krenak,kqq,Krenak,Botocudoan,NA,NA,NA,NA,NA,NA,NA,NA,0,0,0,0,0,0B49,Heta,xet,Xetá,xet,Xeta,Tupian,Tupí-Guaraní,Guaraní,NA,NA,NA,NA,NA,NA,0,0,0,0,0,0B50,Aweikomo,xok,Xokleng,xok,Xokleng,Jean,Southern,NA,NA,NA,NA,NA,NA,NA,0,0,0,0,0,0B51,Tehuelche,teh,Tehuelche,teh,Tehuelche,Chon,NA,NA,NA,NA,NA,NA,NA,NA,0,0,0,0,0,0B52,Chono,064,Chono,NO_ISO,NO_ISO,Language isolate,NA,NA,EXTINCT,NA,NA,NA,NA,NA,0,0,0,0,0,0B53,Alacaluf,alc,Qawasqar,alc,Qawasqar,Kaweskaran,NA,NA,NA,NA,NA,NA,NA,NA,0,0,0,0,0,0B54,Ona,ona,Ona,ona,Ona,Chon,Island Chon,NA,NA,NA,NA,NA,NA,NA,0,0,0,0,0,0B55,Yaghan,yag,Yámana,yag,Yamana,Language isolate,NA,NA,NA,NA,NA,NA,NA,NA,0,0,0,0,0,0B60,Aka,axk,Yaka,axk,Yaka,"Niger-Congo, Atlantic-Congo",Atlantic-Congo,Volta-Congo,NA,Check,NA,NA,NA,NA,1,1,0,0,0,0B61,Bayaka,axk,Yaka,axk,Yaka,"Niger-Congo, Atlantic-Congo",Atlantic-Congo,Volta-Congo,NA,Check,NA,NA,NA,NA,1,1,0,0,0,0B62,Bambote,les,Lese,les,Lese,"Nilo-Saharan, Central Sudanic",Central Sudanic,East,NA,NA,NA,NA,NA,NA,0,0,0,0,0,0B63,Baka,bkc,Baka,bkc,Baka,"Niger-Congo, Atlantic-Congo",Atlantic-Congo,Volta-Congo,NA,NA,NA,NA,NA,NA,0,0,0,0,0,0B64,Efe,les,Lese,les,Lese,"Nilo-Saharan, Central Sudanic",Central Sudanic,East,NA,NA,NA,NA,NA,NA,0,0,0,0,0,0B65,Mbuti,les,Lese,les,Lese,"Nilo-Saharan, Central Sudanic",Central Sudanic,East,NA,NA,NA,NA,NA,NA,0,0,0,0,0,0B66,Mikea,plt,"Malagasy, Plateau",plt,"Malagasy, Plateau",Austronesian,Malayo-Polynesian,Greater Barito,NA,NA,Check,NA,NA,NA,0,0,1,0,0,0B67,Hukwe,xuu,Khwe,xuu,Khwe,Southern Africa,Central,Tshu-Khwe,NA,NA,NA,NA,NA,NA,0,0,0,0,0,0B68,Hai//om,naq,Nama,naq,Nama,Southern Africa,Central,Nama,NA,NA,NA,NA,NA,NA,0,0,0,0,0,0B69,Hadza,hts,Hadza,hts,Hadza,Hatsa,NA,NA,NA,NA,NA,NA,NA,NA,0,0,0,0,0,0B70,Dorobo,oki,Okiek,oki,Okiek,"Nilo-Saharan, Eastern Sudanic",Eastern Sudanic,Nilotic,NA,NA,NA,NA,NA,NA,0,0,0,0,0,0B71,Sekele,oun,!O!ung,oun,Oung,Southern Africa,Northern,NA,NA,NA,NA,NA,NA,NA,0,0,0,0,0,0B72,!Kung,knw,Kung-Ekoka,knw,Kung-Ekoka,Southern Africa,Northern,NA,NA,NA,NA,NA,NA,NA,0,0,0,0,0,0B73,Nharo,nhr,Naro,nhr,Naro,Southern Africa,Central,Tshu-Khwe,NA,NA,NA,NA,NA,NA,0,0,0,0,0,0B74,G/wi,gwj,|Gwi,gwj,Gwi,Southern Africa,Central,Tshu-Khwe,NA,NA,NA,NA,NA,NA,0,0,0,0,0,0B75,Kua,tyu,Kua,tyu,Kua,Southern Africa,Central,Tshu-Khwe,NA,NA,NA,NA,NA,NA,0,0,0,0,0,0B76,!Ko,nmn,!Xóõ,nmn,Xoo,Southern Africa,Southern,Hua,NA,NA,NA,NA,NA,NA,0,0,0,0,0,0B77,/Auni-Khomani,ngh,N|u,ngh,Nu,Southern Africa,Southern,!Kwi,NA,NA,NA,NA,NA,NA,0,0,0,0,0,0B78,//Xegwi,xeg,||Xegwi,xeg,Xegwi,Southern Africa,Southern,!Kwi,NA,NA,NA,NA,NA,NA,0,0,0,0,0,0B79,/Xam,xam,|Xam,xam,Xam,Southern Africa,Southern,!Kwi,NA,NA,NA,NA,NA,NA,0,0,0,0,0,0B82,Kaurareg,mwp,Kala Lagaw Ya,mwp,Kala Lagaw Ya,Pama-Nyungan,Kala Lagaw Ya,NA,NA,NA,NA,NA,NA,NA,0,0,0,0,0,0B83,Larikia,lrg,Laragia,lrg,Laragia,Laragiyan,NA,NA,NA,NA,NA,NA,NA,NA,0,0,0,0,0,0B84,Gunwinggu,gup,Gunwinggu,gup,Gunwinggu,Gunwingguan,Gunwinggic,NA,NA,NA,NA,NA,NA,NA,0,0,0,0,0,0B85,Mirrngadja,djb,Djinba,djb,Djinba,Pama-Nyungan,Yuulngu,Djinang,or djr,NA,NA,NA,NA,NA,0,0,0,0,0,0B86,Anbarra,bvr,Burarra,bvr,Burarra,Gunwingguan,Burarran,NA,NA,NA,NA,NA,NA,NA,0,0,0,0,0,0B87,Gidjingali,bvr,Burarra,bvr,Burarra,Gunwingguan,Burarran,NA,NA,NA,NA,NA,NA,NA,0,0,0,0,0,0B88,Murngin,duj,Dhuwal,duj,Dhuwal,Pama-Nyungan,Yuulngu,Dhuwal,NA,NA,NA,NA,NA,NA,0,0,0,0,0,0B89,Jeidji,wub,Wunambal,wub,Wunambal,Worrorran,NA,NA,or lby,NA,NA,NA,NA,NA,0,0,0,0,0,0B90,Wikmunkan,wim,Wik-Mungkan,wim,Wik-Mungkan,Pama-Nyungan,Paman,Middle Pama,NA,NA,NA,NA,NA,NA,0,0,0,0,0,0B91,Kakadu,gbu,Gagadu,gbu,Gagadu,Gunwingguan,Gagudjuan,NA,NA,NA,NA,NA,NA,NA,0,0,0,0,0,0B92,Nunggubuyu,nuy,Nunggubuyu,nuy,Nunggubuyu,Gunwingguan,Enindhilyagwa,NA,NA,NA,NA,NA,NA,NA,0,0,0,0,0,0B93,Yintjingga,zmv,Mbariman-Gudhinma,zmv,Mbariman-Gudhinma,Pama-Nyungan,Paman,Mbariman,NA,NA,NA,NA,NA,NA,0,0,0,0,0,0B94,Yir-yoront,yiy,Yir Yoront,yiy,Yir Yoront,Pama-Nyungan,Paman,Yir Yoront,NA,NA,NA,NA,NA,NA,0,0,0,0,0,0B95,Tiwi,tiw,Tiwi,tiw,Tiwi,Tiwian,NA,NA,NA,NA,NA,NA,NA,NA,0,0,0,0,0,0B96,Kuku (Yalanji),gvn,Kuku-Yalanji,gvn,Kuku-Yalanji,Pama-Nyungan,Yalandyic,NA,NA,NA,NA,NA,NA,NA,0,0,0,0,0,0B97,Groote Eylandt,aoi,Anindilyakwa,aoi,Anindilyakwa,Gunwingguan,Enindhilyagwa,NA,NA,NA,NA,NA,NA,NA,0,0,0,0,0,0B98,Walmbaria,fln,Flinders Island,fln,Flinders Island,Pama-Nyungan,Flinders Island,NA,NA,NA,NA,NA,NA,NA,0,0,0,0,0,0B99,Mulluk,mpb,Mullukmulluk,mpb,Mullukmulluk,Daly,Malagmalag,Malagmalag Proper,NA,NA,NA,NA,NA,NA,0,0,0,0,0,0B100,Worora,wro,Worrorra,unp,Worora,Worrorran,Western Worrorran,NA,or xgu,NA,NA,NA,NA,NA,0,0,0,0,0,0B101,Lungga,lga,Lungga,lga,Lungga,Austronesian,Malayo-Polynesian,Central-Eastern Malayo-Polynesian,NA,NA,Check,NA,NA,NA,0,0,1,0,0,0B102,Lardil,lbz,Lardil,lbz,Lardil,Pama-Nyungan,Lardil,NA,NA,NA,NA,NA,NA,NA,0,0,0,0,0,0B103,Kaiadilt,gyd,Kayardild,gyd,Kayardild,Pama-Nyungan,Tangic,NA,NA,NA,NA,NA,NA,NA,0,0,0,0,0,0B104,Karadjeri,gbd,Karadjeri,gbd,Karadjeri,Pama-Nyungan,South-West,Marngu,NA,NA,NA,NA,NA,NA,0,0,0,0,0,0B105,Mamu,dbl,Dyirbal,dbl,Dyirbal,Pama-Nyungan,Dyirbalic,NA,NA,NA,NA,NA,NA,NA,0,0,0,0,0,0B106,Kariera,vka,Kariyarra,vka,Kariyarra,Pama-Nyungan,South-West,Coastal Ngayarda,NA,NA,NA,NA,NA,NA,0,0,0,0,0,0B107,Warunggu,wrg,Warungu,wrg,Warungu,Pama-Nyungan,Maric,NA,NA,NA,NA,NA,NA,NA,0,0,0,0,0,0B108,Djaru,ddj,Jaru,ddj,Jaru,Pama-Nyungan,South-West,Ngumbin,NA,NA,NA,NA,NA,NA,0,0,0,0,0,0B109,Walbiri,wbp,Warlpiri,wbp,Warlpiri,Pama-Nyungan,South-West,Ngarga,NA,NA,NA,NA,NA,NA,0,0,0,0,0,0B110,Ngatjan,dbl,Dyirbal,dbl,Dyirbal,Pama-Nyungan,Dyirbalic,NA,NA,NA,NA,NA,NA,NA,0,0,0,0,0,0B111,Mardudjara,mpj,Martu Wangka,mpj,Martu Wangka,Pama-Nyungan,South-West,Wati,NA,NA,NA,NA,NA,NA,0,0,0,0,0,0B112,Ildawongga,ywg,Yinhawangka,NO_ISO,NO_ISO,Pama-Nyungan,South-West,Inland Ngayarda,NA,NA,NA,NA,NA,NA,0,0,0,0,0,0B113,Pintubi,piu,Pintupi-Luritja,piu,Pintupi-Luritja,Pama-Nyungan,South-West,Wati,NA,NA,NA,NA,NA,NA,0,0,0,0,0,0B114,Undanbi,wkw,Wakawaka,wkw,Wakawaka,Pama-Nyungan,Waka-Kabic,Miyan,NA,NA,NA,NA,NA,NA,0,0,0,0,0,0B115,Jinibarra,yxg,Yagara,NO_ISO,NO_ISO,Pama-Nyungan,Durubulic,NA,NA,NA,NA,NA,NA,NA,0,0,0,0,0,0B116,Karuwali,rxw,Karuwali,NO_ISO,NO_ISO,Pama-Nyungan,Karnic,NA,NA,NA,NA,NA,NA,NA,0,0,0,0,0,0B117,Alyawara,aly,Alyawarr,aly,Alyawarr,Pama-Nyungan,Arandic,NA,NA,NA,NA,NA,NA,NA,0,0,0,0,0,0B118,Ngatatjara,ntj,Ngaanyatjarra,ntj,Ngaanyatjarra,Pama-Nyungan,South-West,Wati,NA,NA,NA,NA,NA,NA,0,0,0,0,0,0B119,Badjalang,bdy,Bandjalang,bdy,Bandjalang,Pama-Nyungan,Bandjalangic,NA,NA,NA,NA,NA,NA,NA,0,0,0,0,0,0B120,Pitjandjara,pjt,Pitjantjatjara,pjt,Pitjantjatjara,Pama-Nyungan,South-West,Wati,NA,NA,NA,NA,NA,NA,0,0,0,0,0,0B121,Dieri,dif,Dieri,dif,Dieri,Pama-Nyungan,Karnic,Karna,NA,NA,NA,NA,NA,NA,0,0,0,0,0,0B122,Southern Arenda,axl,"Aranda, Lower Southern",NO_ISO,NO_ISO,Pama-Nyungan,Arandic,NA,NA,NA,NA,NA,NA,NA,0,0,0,0,0,0B123,Jankundjara,kdd,Yankunytjatjara,kdd,Yankunytjatjara,Pama-Nyungan,South-West,Wati,NA,NA,NA,NA,NA,NA,0,0,0,0,0,0B124,Northern Arenda,aer,"Arrernte, Eastern",aer,"Arrernte, Eastern",Pama-Nyungan,Arandic,NA,NA,NA,NA,NA,NA,NA,0,0,0,0,0,0B125,Ualarai,kld,Gamilaraay,kld,Gamilaraay,Pama-Nyungan,Wiradhuric,NA,NA,NA,NA,NA,NA,NA,0,0,0,0,0,0B126,Nakako,pjt,Pitjantjatjara,pjt,Pitjantjatjara,Pama-Nyungan,South-West,Wati,NA,NA,NA,NA,NA,NA,0,0,0,0,0,0B127,Ooldea,wgu,Wirangu,NO_ISO,NO_ISO,Pama-Nyungan,South-West,Yura,NA,NA,NA,NA,NA,NA,0,0,0,0,0,0B128,Barkindji,drl,Paakantyi,drl,Darling,Pama-Nyungan,Baagandji,NA,NA,NA,NA,NA,NA,NA,0,0,0,0,0,0B129,Kaurna,zku,Kaurna,NO_ISO,NO_ISO,Pama-Nyungan,NA,NA,Not in Ethnologue,NA,NA,NA,NA,NA,0,0,0,0,0,0B130,Wongaibon,wyb,Wangaaybuwan-Ngiyambaa,wyb,Wangaaybuwan-Ngiyambaa,Pama-Nyungan,Wiradhuric,NA,NA,NA,NA,NA,NA,NA,0,0,0,0,0,0B131,Jaralde,nay,Narrinyeri,nay,Narrinyeri,Pama-Nyungan,Ngarinyeric-Yithayithic,NA,NA,NA,NA,NA,NA,NA,0,0,0,0,0,0B132,Mineng,xrg,Minang,NO_ISO,NO_ISO,Pama-Nyungan,South-West,Nyungar,NA,NA,NA,NA,NA,NA,0,0,0,0,0,0B133,Tjapwurong,tjw,Djabwurrung,NO_ISO,NO_ISO,Pama-Nyungan,Kulin,NA,NA,NA,NA,NA,NA,NA,0,0,0,0,0,0B134,Bunurong,0hq,Bunwurrung,NO_ISO,NO_ISO,Pama-Nyungan,NA,NA,"No ISO code, Not in Ethnologue",NA,NA,NA,NA,NA,0,0,0,0,0,0B135,Kurnai,unn,Kurnai,NO_ISO,NO_ISO,Pama-Nyungan,NA,NA,NA,NA,NA,NA,NA,NA,0,0,0,0,0,0B136,Tasmanians (eastern),xtz,Tasmanian,NO_ISO,NO_ISO,Unclassified,NA,NA,EXTINCT,NA,NA,NA,NA,NA,0,0,0,0,0,0B137,Tasmanians (western),xtz,Tasmanian,NO_ISO,NO_ISO,Unclassified,NA,NA,EXTINCT,NA,NA,NA,NA,NA,0,0,0,0,0,0B143,Seri,sei,Seri,sei,Seri,Language isolate,NA,NA,NA,NA,NA,NA,NA,NA,0,0,0,0,0,0B144,Cahuilla,chl,Cahuilla,chl,Cahuilla,Uto-Aztecan,Northern Uto-Aztecan,Takic,NA,NA,NA,NA,Cahuilla,NA,0,0,0,0,1,0B145,Cupeno,cup,Cupeño,cup,Cupeno,Uto-Aztecan,Northern Uto-Aztecan,Takic,NA,NA,NA,NA,Cupeno,NA,0,0,0,0,1,0B146,Kiliwa,klb,Kiliwa,klb,Kiliwa,Cochimí-Yuman,Yuman,NA,NA,NA,NA,NA,NA,NA,0,0,0,0,0,0B147,Diegueno,dih,Kumiai,dih,Kumiai,Cochimí-Yuman,Yuman,Delta-California,NA,NA,NA,NA,NA,NA,0,0,0,0,0,0B148,Lake Yokuts,yok,Yokuts,yok,Yokuts,Yokutsan,NA,NA,NA,NA,NA,NA,NA,NA,0,0,0,0,0,0B149,Serrano,ser,Serrano,ser,Serrano,Uto-Aztecan,Northern Uto-Aztecan,Takic,NA,NA,NA,NA,Serrano,NA,0,0,0,0,1,0B150,Luiseno,lui,Luiseño,lui,Luiseno,Uto-Aztecan,Northern Uto-Aztecan,Takic,NA,NA,NA,NA,Luiseno,NA,0,0,0,0,1,0B151,Wukchumi,yok,Yokuts,yok,Yokuts,Yokutsan,NA,NA,NA,NA,NA,NA,NA,NA,0,0,0,0,0,0B152,Tubatulabal,tub,Tübatulabal,tub,Tubatulabal,Uto-Aztecan,Northern Uto-Aztecan,NA,NA,NA,NA,NA,Tubatulabel,NA,0,0,0,0,1,0B153,Nomlaki,nol,Nomlaki,wit,Wintu,Wintuan,NA,NA,NA,NA,NA,NA,NA,NA,0,0,0,0,0,0B154,Yokuts (northern foothill),yok,Yokuts,yok,Yokuts,Yokutsan,NA,NA,NA,NA,NA,NA,NA,NA,0,0,0,0,0,0B155,Patwin,pwi,Patwin,wit,Wintu,Wintuan,NA,NA,NA,NA,NA,NA,NA,NA,0,0,0,0,0,0B156,Gabrieleno,xgf,Gabrielino-Fernandeño,xgf,Gabrielino-Fernandeño,Uto-Aztecan,Northern Uto-Aztecan,Takic,EXTINCT,NA,NA,NA,Gabrielino,NA,0,0,0,0,1,0B157,Monache,mnr,Mono,mnr,Mono,Uto-Aztecan,Northern Uto-Aztecan,Numic,NA,NA,NA,NA,Mono,NA,0,0,0,0,1,0B158,Eastern Pomo,peb,"Pomo, Eastern",peb,"Pomo, Eastern",Pomoan,NA,NA,NA,NA,NA,NA,NA,NA,0,0,0,0,0,0B159,Clear Lake Pomo,peb,"Pomo, Eastern",peb,"Pomo, Eastern",Pomoan,NA,NA,NA,NA,NA,NA,NA,NA,0,0,0,0,0,0B160,Wintu,wnw,Wintu,wit,Wintu,Wintuan,NA,NA,NA,NA,NA,NA,NA,NA,0,0,0,0,0,0B161,Chumash,crz,Cruzeño,crz,Cruzeño,Chumashan,Island Chumash,NA,NA,NA,NA,NA,NA,NA,0,0,0,0,0,0B162,Chimariko,cid,Chimariko,cid,Chimariko,Language isolate,NA,NA,NA,NA,NA,NA,NA,NA,0,0,0,0,0,0B163,Nisenan,nsz,Nisenan,nsz,Nisenan,Maiduan,NA,NA,NA,NA,NA,NA,NA,NA,0,0,0,0,0,0B164,Salinan,sln,Salinan,sln,Salinan,Language isolate,NA,NA,NA,NA,NA,NA,NA,NA,0,0,0,0,0,0B165,Southern Pomo,peq,"Pomo, Southern",peq,"Pomo, Southern",Pomoan,Western,Southern,NA,NA,NA,NA,NA,NA,0,0,0,0,0,0B166,Sinkyone,wlk,Wailaki,wlk,Wailaki,Eyak-Athabaskan,Athabaskan,Pacific Coast Athabaskan,NA,NA,NA,NA,NA,NA,0,0,0,0,0,0B167,Lassik,wlk,Wailaki,wlk,Wailaki,Eyak-Athabaskan,Athabaskan,Pacific Coast Athabaskan,NA,NA,NA,NA,NA,NA,0,0,0,0,0,0B168,Coast Miwok,csi,"Miwok, Coast",csi,"Miwok, Coast",Miwok-Costanoan,Miwokan,Western Miwokan,NA,NA,NA,NA,NA,NA,0,0,0,0,0,0B169,Mattole,mvb,Mattole,mvb,Mattole,Eyak-Athabaskan,Athabaskan,Pacific Coast Athabaskan,NA,NA,NA,NA,NA,NA,0,0,0,0,0,0B170,Lake Miwok,lmw,"Miwok, Lake",lmw,"Miwok, Lake",Miwok-Costanoan,Miwokan,Western Miwokan,NA,NA,NA,NA,NA,NA,0,0,0,0,0,0B171,Yuki Proper,yuk,Yuki,yuk,Yuki,Yukian,Core Yukian,NA,NA,NA,NA,NA,NA,NA,0,0,0,0,0,0B172,Wappo,wao,Wappo,wao,Wappo,Yukian,NA,NA,NA,NA,NA,NA,NA,NA,0,0,0,0,0,0B173,Nothern Pomo,pej,"Pomo, Northern",pej,"Pomo, Northern",Pomoan,Western,NA,NA,NA,NA,NA,NA,NA,0,0,0,0,0,0B174,Northern Yana,ynn,Yana,ynn,Yana,Language isolate,NA,NA,EXTINCT,NA,NA,NA,NA,NA,0,0,0,0,0,0B175,Sierra Miwok,csm,"Miwok, Central Sierra",csm,"Miwok, Central Sierra",Miwok-Costanoan,Miwokan,Eastern Miwokan,NA,NA,NA,NA,NA,NA,0,0,0,0,0,0B176,Tekelma,tkm,Takelma,tkm,Takelma,Oregon Penutian,NA,NA,EXTINCT,NA,NA,NA,NA,NA,0,0,0,0,0,0B177,Coast Yuki,yuk,Yuki,yuk,Yuki,Yukian,Core Yukian,NA,NA,NA,NA,NA,NA,NA,0,0,0,0,0,0B178,Tolowa,tol,Tolowa,tol,Tolowa,Eyak-Athabaskan,Athabaskan,Pacific Coast Athabaskan,NA,NA,NA,NA,NA,NA,0,0,0,0,0,0B179,Shasta,sht,Shasta,sht,Shasta,Language isolate,NA,NA,NA,NA,NA,NA,NA,NA,0,0,0,0,0,0B180,Hupa,hup,Hupa,hup,Hupa,Eyak-Athabaskan,Athabaskan,Pacific Coast Athabaskan,NA,NA,NA,NA,NA,NA,0,0,0,0,0,0B181,Tututni,tuu,Tututni,tuu,Tututni,Eyak-Athabaskan,Athabaskan,Pacific Coast Athabaskan,NA,NA,NA,NA,NA,NA,0,0,0,0,0,0B182,Karok,kyh,Karok,kyh,Karok,Language isolate,NA,NA,NA,NA,NA,NA,NA,NA,0,0,0,0,0,0B183,Atsugewi,atw,Atsugewi,atw,Atsugewi,Palaihnihan,NA,NA,NA,NA,NA,NA,NA,NA,0,0,0,0,0,0B184,Wiyot,wiy,Wiyot,wiy,Wiyot,Algic,Ritwan,NA,NA,NA,NA,NA,NA,NA,0,0,0,0,0,0B185,Mountain Maidu,vmv,"Maidu, Valley",vmv,"Maidu, Valley",Maiduan,Maidu,NA,NA,NA,NA,NA,NA,NA,0,0,0,0,0,0B186,Yurok,yur,Yurok,yur,Yurok,Algic,Ritwan,NA,NA,NA,NA,NA,NA,NA,0,0,0,0,0,0B187,Achomawi,acv,Achumawi,acv,Achumawi,Palaihnihan,NA,NA,NA,NA,NA,NA,NA,NA,0,0,0,0,0,0B188,Modoc,kla,Klamath-Modoc,kla,Klamath-Modoc,Language isolate,NA,NA,NA,NA,NA,NA,NA,NA,0,0,0,0,0,0B189,Klamath,kla,Klamath-Modoc,kla,Klamath-Modoc,Language isolate,NA,NA,NA,NA,NA,NA,NA,NA,0,0,0,0,0,0B190,Guaicura,qjg,Guaicura,NO_ISO,NO_ISO,Unclassified,NA,NA,EXTINCT,NA,NA,NA,NA,NA,0,0,0,0,0,0B191,Chichimec,pei,Chichimeca-Jonaz,pei,Chichimeca-Jonaz,Otomanguean,Western Otomanguean,Oto-Pame-Chinantecan,NA,NA,NA,NA,NA,NA,0,0,0,0,0,0B192,Death Valley Shoshoni,par,Timbisha,par,Timbisha,Uto-Aztecan,Northern Uto-Aztecan,Numic,NA,NA,NA,NA,check,NA,0,0,0,0,1,0B193,Karankawa,zkk,Karankawa,zkk,Karankawa,Language isolate,NA,NA,EXTINCT,NA,NA,NA,NA,NA,0,0,0,0,0,0B194,Coahuilenos,xcw,Coahuilteco,xcw,Coahuilteco,Language isolate,NA,NA,EXTINCT,NA,NA,NA,NA,NA,0,0,0,0,0,0B195,Panamint Shoshoni,par,Timbisha,par,Timbisha,Uto-Aztecan,Northern Uto-Aztecan,Numic,NA,NA,NA,NA,Pannamint,NA,0,0,0,0,1,0B196,Yavapai,yuf,Havasupai-Walapai-Yavapai,yuf,Havasupai-Walapai-Yavapai,Cochimí-Yuman,Yuman,Pai,NA,NA,NA,NA,NA,NA,0,0,0,0,0,0B197,Koso Mountain Shoshoni,par,Timbisha,par,Timbisha,Uto-Aztecan,Northern Uto-Aztecan,Numic,NA,NA,NA,NA,check,NA,0,0,0,0,1,0B198,Walapai,yuf,Havasupai-Walapai-Yavapai,yuf,Havasupai-Walapai-Yavapai,Cochimí-Yuman,Yuman,Pai,NA,NA,NA,NA,NA,NA,0,0,0,0,0,0B199,Kawaiisu Shoshoni,xaw,Kawaiisu,xaw,Kawaiisu,Uto-Aztecan,Northern Uto-Aztecan,Numic,NA,NA,NA,NA,Kawaiisu,NA,0,0,0,0,1,0B200,Saline Valley Shoshoni,par,Timbisha,par,Timbisha,Uto-Aztecan,Northern Uto-Aztecan,Numic,NA,NA,NA,NA,check,NA,0,0,0,0,1,0B201,Antarianunts Southern Paiute,ute,Ute-Southern Paiute,ute,Ute-Southern Paiute,Uto-Aztecan,Northern Uto-Aztecan,Numic,NA,NA,NA,NA,SouthernPaiute,NA,0,0,0,0,1,0B202,Owens Valley Paiute (Eastern Mono),mnr,Mono,mnr,Mono,Uto-Aztecan,Northern Uto-Aztecan,Numic,NA,NA,NA,NA,Mono,NA,0,0,0,0,1,0B203,Kawich Mountain Shoshoni,shh,Shoshoni,shh,Shoshoni,Uto-Aztecan,Northern Uto-Aztecan,Numic,NA,NA,NA,NA,NA,NA,0,0,0,0,1,0B204,Kaibab Souther Paiute,ute,Ute-Southern Paiute,ute,Ute-Southern Paiute,Uto-Aztecan,Northern Uto-Aztecan,Numic,NA,NA,NA,NA,SouthernPaiute,NA,0,0,0,0,1,0B205,Mono Lake Paiute,pao,"Paiute, Northern",pao,"Paiute, Northern",Uto-Aztecan,Northern Uto-Aztecan,Numic,NA,NA,NA,NA,NorthernPaiute,NA,0,0,0,0,1,0B206,Deep Springs Paiute,mnr,Mono,mnr,Mono,Uto-Aztecan,Northern Uto-Aztecan,Numic,NA,NA,NA,NA,Mono,NA,0,0,0,0,1,0B207,Salmon Eater Shoshoni,shh,Shoshoni,shh,Shoshoni,Uto-Aztecan,Northern Uto-Aztecan,Numic,NA,NA,NA,NA,NA,NA,0,0,0,0,1,0B208,Kuyuidokado (Pyramid Lake Paiute),pao,"Paiute, Northern",pao,"Paiute, Northern",Uto-Aztecan,Northern Uto-Aztecan,Numic,NA,NA,NA,NA,NorthernPaiute,NA,0,0,0,0,1,0B209,Ute-timanogas,ute,Ute-Southern Paiute,ute,Ute-Southern Paiute,Uto-Aztecan,Northern Uto-Aztecan,Numic,NA,NA,NA,NA,check,NA,0,0,0,0,1,0B210,Cattail Paiute,pao,"Paiute, Northern",pao,"Paiute, Northern",Uto-Aztecan,Northern Uto-Aztecan,Numic,NA,NA,NA,NA,NorthernPaiute,NA,0,0,0,0,1,0B211,Fish Lake Paiute,mnr,Mono,mnr,Mono,Uto-Aztecan,Northern Uto-Aztecan,Numic,NA,NA,NA,NA,Mono,NA,0,0,0,0,1,0B212,Honey Lake Paiute,nmu,"Maidu, Northeast",nmu,"Maidu, Northeast",Maiduan,Maidu,NA,NA,NA,NA,NA,NA,NA,0,0,0,0,0,0B213,Hukundika Shoshoni,shh,Shoshoni,shh,Shoshoni,Uto-Aztecan,Northern Uto-Aztecan,Numic,NA,NA,NA,NA,NA,NA,0,0,0,0,1,0B214,Gosiute Shoshoni,shh,Shoshoni,shh,Shoshoni,Uto-Aztecan,Northern Uto-Aztecan,Numic,NA,NA,NA,NA,Shoshoni_GosiuteDialect,NA,0,0,0,0,1,0B215,Spring Valley Shoshoni,shh,Shoshoni,shh,Shoshoni,Uto-Aztecan,Northern Uto-Aztecan,Numic,NA,NA,NA,NA,NA,NA,0,0,0,0,1,0B216,White Knife Shoshoni,shh,Shoshoni,shh,Shoshoni,Uto-Aztecan,Northern Uto-Aztecan,Numic,NA,NA,NA,NA,NA,NA,0,0,0,0,1,0B217,Railroad Valley Shoshoni,shh,Shoshoni,shh,Shoshoni,Uto-Aztecan,Northern Uto-Aztecan,Numic,NA,NA,NA,NA,NA,NA,0,0,0,0,1,0B218,Reese River Shoshoni,shh,Shoshoni,shh,Shoshoni,Uto-Aztecan,Northern Uto-Aztecan,Numic,NA,NA,NA,NA,NA,NA,0,0,0,0,1,0B219,North Fork Mono Paiute,mnr,Mono,mnr,Mono,Uto-Aztecan,Northern Uto-Aztecan,Numic,NA,NA,NA,NA,Mono,NA,0,0,0,0,1,0B221,Grouse Creek Shoshoni,shh,Shoshoni,shh,Shoshoni,Uto-Aztecan,Northern Uto-Aztecan,Numic,NA,NA,NA,NA,NA,NA,0,0,0,0,1,0B222,Southern Ute (Wimonantci Ute),ute,Ute-Southern Paiute,ute,Ute-Southern Paiute,Uto-Aztecan,Northern Uto-Aztecan,Numic,NA,NA,NA,NA,SouthernUte,NA,0,0,0,0,1,0B223,Bear Creek Paiute,pao,"Paiute, Northern",pao,"Paiute, Northern",Uto-Aztecan,Northern Uto-Aztecan,Numic,NA,NA,NA,NA,NorthernPaiute,NA,0,0,0,0,1,0B224,Antelope Valley Shoshoni,shh,Shoshoni,shh,Shoshoni,Uto-Aztecan,Northern Uto-Aztecan,Numic,NA,NA,NA,NA,NA,NA,0,0,0,0,1,0B225,Washo,was,Washo,was,Washo,Language isolate,NA,NA,NA,NA,NA,NA,NA,NA,0,0,0,0,0,0B226,Kidutokado (Surprise Valley Paiute),pao,"Paiute, Northern",pao,"Paiute, Northern",Uto-Aztecan,Northern Uto-Aztecan,Numic,NA,NA,NA,NA,NorthernPaiute,NA,0,0,0,0,1,0B227,Wind River Shoshoni,shh,Shoshoni,shh,Shoshoni,Uto-Aztecan,Northern Uto-Aztecan,Numic,NA,NA,NA,NA,NA,NA,0,0,0,0,1,0B228,Wadadika (Ruby Valley Shoshoni),shh,Shoshoni,shh,Shoshoni,Uto-Aztecan,Northern Uto-Aztecan,Numic,NA,NA,NA,NA,NA,NA,0,0,0,0,1,0B229,Bohogue (Northern  Shoshoni),shh,Shoshoni,shh,Shoshoni,Uto-Aztecan,Northern Uto-Aztecan,Numic,NA,NA,NA,NA,NA,NA,0,0,0,0,1,0B230,Uintah Ute,ute,Ute-Southern Paiute,ute,Ute-Southern Paiute,Uto-Aztecan,Northern Uto-Aztecan,Numic,NA,NA,NA,NA,SouthernUte,NA,0,0,0,0,1,0B231,Wadadokado Paiute,pao,"Paiute, Northern",pao,"Paiute, Northern",Uto-Aztecan,Northern Uto-Aztecan,Numic,NA,NA,NA,NA,NorthernPaiute,NA,0,0,0,0,1,0B232,Agaiduka Shoshoni,shh,Shoshoni,shh,Shoshoni,Uto-Aztecan,Northern Uto-Aztecan,Numic,NA,NA,NA,NA,NA,NA,0,0,0,0,1,0B233,Little Smokey Shoshoni,shh,Shoshoni,shh,Shoshoni,Uto-Aztecan,Northern Uto-Aztecan,Numic,NA,NA,NA,NA,NA,NA,0,0,0,0,1,0B234,Uncompahgre Ute,ute,Ute-Southern Paiute,ute,Ute-Southern Paiute,Uto-Aztecan,Northern Uto-Aztecan,Numic,NA,NA,NA,NA,SouthernUte,NA,0,0,0,0,1,0B240,Lipan Apache,apl,"Apache, Lipan",apl,"Apache, Lipan",Eyak-Athabaskan,Athabaskan,Apachean,NA,NA,NA,NA,NA,NA,0,0,0,0,0,0B241,Comanche,com,Comanche,com,Comanche,Uto-Aztecan,Northern Uto-Aztecan,Numic,NA,NA,NA,NA,Comanche,NA,0,0,0,0,1,0B242,Chiricahua Apache,apm,"Apache, Mescalero-Chiricahua",apm,"Apache, Mescalero-Chiricahua",Eyak-Athabaskan,Athabaskan,Apachean,NA,NA,NA,NA,NA,NA,0,0,0,0,0,0B243,Kiowa,kio,Kiowa,kio,Kiowa,Kiowa-Tanoan,NA,NA,NA,NA,NA,NA,NA,NA,0,0,0,0,0,0B244,Kiowa Apache,apk,"Apache, Kiowa",apk,"Apache, Kiowa",Eyak-Athabaskan,Athabaskan,Apachean,NA,NA,NA,NA,NA,NA,0,0,0,0,0,0B245,Cheyenne,chy,Cheyenne,chy,Cheyenne,Algic,Algonquian,NA,NA,NA,NA,NA,NA,NA,0,0,0,0,0,0B246,Arapaho,arp,Arapaho,arp,Arapaho,Algic,Algonquian,Arapaho,NA,NA,NA,NA,NA,NA,0,0,0,0,0,0B248,Crow,cro,Crow,cro,Crow,Siouan-Catawban,Siouan,Missouri River Siouan,NA,NA,NA,NA,NA,NA,0,0,0,0,0,0B249,Teton Sioux (Lakota),lkt,Lakota,lkt,Lakota,Siouan-Catawban,Siouan,Mississippi Valley-Ohio Valley Siouan,NA,NA,NA,NA,NA,NA,0,0,0,0,0,0B250,Kutenai,kut,Kutenai,kut,Kutenai,Language isolate,NA,NA,NA,NA,NA,NA,NA,NA,0,0,0,0,0,0B252,Bannock,pao,"Paiute, Northern",pao,"Paiute, Northern",Uto-Aztecan,Northern Uto-Aztecan,Numic,NA,NA,NA,NA,NorthernPaiute,NA,0,0,0,0,1,0B253,Gros-Ventre,ats,Gros Ventre,ats,Gros Ventre,Algic,Algonquian,Arapaho,NA,NA,NA,NA,NA,NA,0,0,0,0,0,0B254,Bungi (Plains Ojibwa),ojb,"Ojibwa, Northwestern",ojb,"Ojibwa, Northwestern",Algic,Algonquian,Ojibwa-Potawatomi,NA,NA,NA,NA,NA,NA,0,0,0,0,0,0B255,Peigan,bla,Blackfoot,bla,Blackfoot,Algic,Algonquian,NA,NA,NA,NA,NA,NA,NA,0,0,0,0,0,0B256,Blackfoot,bla,Blackfoot,bla,Blackfoot,Algic,Algonquian,NA,NA,NA,NA,NA,NA,NA,0,0,0,0,0,0B257,Assiniboine,asb,Assiniboine,asb,Assiniboine,Siouan-Catawban,Siouan,Mississippi Valley-Ohio Valley Siouan,NA,NA,NA,NA,NA,NA,0,0,0,0,0,0B258,Plains Cree,crk,"Cree, Plains",crk,"Cree, Plains",Algic,Algonquian,Cree-Montagnais,NA,NA,NA,NA,NA,NA,0,0,0,0,0,0B259,Blood,bla,Blackfoot,bla,Blackfoot,Algic,Algonquian,NA,NA,NA,NA,NA,NA,NA,0,0,0,0,0,0B260,Sarsi,srs,Sarsi,srs,Sarsi,Eyak-Athabaskan,Athabaskan,Northern Athabaskan,NA,NA,NA,NA,NA,NA,0,0,0,0,0,0B268,Squamish,squ,Squamish,squ,Squamish,Salish,Central Salish,NA,NA,NA,NA,NA,NA,NA,0,0,0,0,0,0B269,Alsea,aes,Alsea,aes,Alsea,Oregon Penutian,NA,NA,NA,NA,NA,NA,NA,NA,0,0,0,0,0,0B270,Puyallup,slh,"Salish, Southern Puget Sound",slh,"Salish, Southern Puget Sound",Salish,Central Salish,Lushootseed,NA,NA,NA,NA,NA,NA,0,0,0,0,0,0B271,Twana,twa,Twana,twa,Twana,Salish,Central Salish,NA,NA,NA,NA,NA,NA,NA,0,0,0,0,0,0B272,Chehalis,cea,"Chehalis, Lower",cea,"Chehalis, Lower",Salish,Tsamosan,Quinault,NA,NA,NA,NA,NA,NA,0,0,0,0,0,0B273,Nootka,nuk,Nuu-chah-nulth,noo,Nootka,Wakashan,Southern Wakashan,NA,NA,NA,NA,NA,NA,NA,0,0,0,0,0,0B274,Chinook,chh,Chinook,chh,Chinook,Chinookan,NA,NA,NA,NA,NA,NA,NA,NA,0,0,0,0,0,0B275,Coos,csz,Coos,csz,Coos,Coosan,NA,NA,NA,NA,NA,NA,NA,NA,0,0,0,0,0,0B276,Lillooet,lil,Lillooet,lil,Lillooet,Salish,Interior,NA,NA,NA,NA,NA,NA,NA,0,0,0,0,0,0B277,Lummi,str,"Salish, Straits",str,"Salish, Straits",Salish,Central Salish,NA,NA,NA,NA,NA,NA,NA,0,0,0,0,0,0B278,Quinault,qun,Quinault,qun,Quinault,Salish,Tsamosan,NA,NA,NA,NA,NA,NA,NA,0,0,0,0,0,0B279,Stalo,hur,Halkomelem,hur,Halkomelem,Salish,Central Salish,NA,NA,NA,NA,NA,NA,NA,0,0,0,0,0,0B280,Cowichan,hur,Halkomelem,hur,Halkomelem,Salish,Central Salish,NA,NA,NA,NA,NA,NA,NA,0,0,0,0,0,0B281,Tillamook,til,Tillamook,til,Tillamook,Salish,NA,NA,NA,NA,NA,NA,NA,NA,0,0,0,0,0,0B282,Comox,coo,Comox,coo,Comox,Salish,Central Salish,NA,NA,NA,NA,NA,NA,NA,0,0,0,0,0,0B283,Bella-Bella,hei,Heiltsuk,hei,Heiltsuk,Wakashan,Northern Wakashan,Kwakuitlan,NA,NA,NA,NA,NA,NA,0,0,0,0,0,0B284,Quileute,qui,Quileute,qui,Quileute,Chimakuan,NA,NA,NA,NA,NA,NA,NA,NA,0,0,0,0,0,0B285,Clallam,clm,Clallam,clm,Clallam,Salish,Central Salish,NA,NA,NA,NA,NA,NA,NA,0,0,0,0,0,0B286,Makah,myh,Makah,myh,Makah,Wakashan,Southern Wakashan,Nootkan,NA,NA,NA,NA,NA,NA,0,0,0,0,0,0B287,Haisla,has,Haisla,has,Haisla,Wakashan,Northern Wakashan,NA,NA,NA,NA,NA,NA,NA,0,0,0,0,0,0B288,Kwakiutl,kwk,Kwakiutl,kwk,Kwakiutl,Wakashan,Northern Wakashan,Kwakuitlan,NA,NA,NA,NA,NA,NA,0,0,0,0,0,0B289,Tsimshim,tsi,Tsimshian,tsi,Tsimshian,Tsimshian,NA,NA,NA,NA,NA,NA,NA,NA,0,0,0,0,0,0B290,Haida,hdn,"Haida, Northern",hdn,"Haida, Northern",Haida,NA,NA,NA,NA,NA,NA,NA,NA,0,0,0,0,0,0B291,Bella-Coola,blc,Bella Coola,blc,Bella Coola,Salish,NA,NA,NA,NA,NA,NA,NA,NA,0,0,0,0,0,0B292,Tlingit,tli,Tlingit,tli,Tlingit,Language isolate,NA,NA,NA,NA,NA,NA,NA,NA,0,0,0,0,0,0B293,Gitksan,git,Gitxsan,git,Gitxsan,Tsimshian,Nass-Gitksan,NA,NA,NA,NA,NA,NA,NA,0,0,0,0,0,0B294,Konaig,ale,Aleut,ale,Aleut,Eskimo-Aleut,Aleut,NA,NA,NA,NA,NA,NA,NA,0,0,0,0,0,0B295,Eyak,eya,Eyak,eya,Eyak,Eyak-Athabaskan,NA,NA,NA,NA,NA,NA,NA,NA,0,0,0,0,0,0B296,Kuskowagmut,esu,"Yupik, Central",esu,"Yupik, Central",Eskimo-Aleut,Eskimo,Yupik,NA,NA,NA,NA,NA,NA,0,0,0,0,0,0B297,Chugash,ems,"Yupik, Pacific Gulf",ems,"Yupik, Pacific Gulf",Eskimo-Aleut,Eskimo,Yupik,NA,NA,NA,NA,NA,NA,0,0,0,0,0,0B298,Aleut,ale,Aleut,ale,Aleut,Eskimo-Aleut,Aleut,NA,NA,NA,NA,NA,NA,NA,0,0,0,0,0,0B299,Nunivak,esu,"Yupik, Central",esu,"Yupik, Central",Eskimo-Aleut,Eskimo,Yupik,NA,NA,NA,NA,NA,NA,0,0,0,0,0,0B315,Tenino,tqn,Tenino,tqn,Tenino,Sahaptian,Sahaptin,NA,NA,NA,NA,NA,NA,NA,0,0,0,0,0,0B316,Umatilla,uma,Umatilla,uma,Umatilla,Sahaptian,Sahaptin,NA,NA,NA,NA,NA,NA,NA,0,0,0,0,0,0B317,Wenatchi,col,Columbia-Wenatchi,col,Columbia-Wenatchi,Salish,Interior,Southern,NA,NA,NA,NA,NA,NA,0,0,0,0,0,0B318,Yakima,yak,Yakama,yak,Yakima,Sahaptian,Sahaptin,NA,NA,NA,NA,NA,NA,NA,0,0,0,0,0,0B319,Wishram,wac,Wasco-Wishram,wac,Wasco-Wishram,Chinookan,Upper Chinookan,NA,NA,NA,NA,NA,NA,NA,0,0,0,0,0,0B320,Coeur d'Alene,crd,Coeur d’Alene,crd,Coeur d'Alene,Salish,Interior,Southern,NA,NA,NA,NA,NA,NA,0,0,0,0,0,0B321,Sinkaietk,oka,Okanagan,oka,Okanagan,Salish,Interior,Southern,NA,NA,NA,NA,NA,NA,0,0,0,0,0,0B322,Okanagan,oka,Okanagan,oka,Okanagan,Salish,Interior,Southern,NA,NA,NA,NA,NA,NA,0,0,0,0,0,0B323,Sanpoil,oka,Okanagan,oka,Okanagan,Salish,Interior,Southern,NA,NA,NA,NA,NA,NA,0,0,0,0,0,0B324,Nez Perce,nez,Nez Perce,nez,Nez Perce,Sahaptian,NA,NA,NA,NA,NA,NA,NA,NA,0,0,0,0,0,0B325,Thompson,thp,Thompson,thp,Thompson,Salish,Interior,Northern,NA,NA,NA,NA,NA,NA,0,0,0,0,0,0B326,Kalispel,fla,Kalispel-Pend d’Oreille,fla,Kalispel-Pend Doreille,Salish,Interior,Southern,NA,NA,NA,NA,NA,NA,0,0,0,0,0,0B327,Kitchibaun Ojibwa,ojc,"Ojibwa, Central",ojc,"Ojibwa, Central",Algic,Algonquian,Ojibwa-Potawatomi,NA,NA,NA,NA,NA,NA,0,0,0,0,0,0B328,Katikitegon,ciw,Chippewa,ciw,Chippewa,Algic,Algonquian,Ojibwa-Potawatomi,NA,NA,NA,NA,NA,NA,0,0,0,0,0,0B329,Micmac,mic,Micmac,mic,Micmac,Algic,Algonquian,Eastern Algonquian,NA,NA,NA,NA,NA,NA,0,0,0,0,0,0B330,Flathead,fla,Kalispel-Pend d’Oreille,fla,Kalispel-Pend Doreille,Salish,Interior,Southern,NA,NA,NA,NA,NA,NA,0,0,0,0,0,0B331,Rainy River Ojibwa,ojb,"Ojibwa, Northwestern",ojb,"Ojibwa, Northwestern",Algic,Algonquian,Ojibwa-Potawatomi,NA,NA,NA,NA,NA,NA,0,0,0,0,0,0B332,North Saulteaux,ojb,"Ojibwa, Western",ojw,"Ojibwa, Western",Algic,Algonquian,Ojibwa-Potawatomi,NA,NA,NA,NA,NA,NA,0,0,0,0,0,0B333,Shuswap,shs,Shuswap,shs,Shuswap,Salish,Interior,NA,NA,NA,NA,NA,NA,NA,0,0,0,0,0,0B334,Pekangekum Ojibwa,ojb,"Ojibwa, Northwestern",ojb,"Ojibwa, Northwestern",Algic,Algonquian,Ojibwa-Potawatomi,NA,NA,NA,NA,NA,NA,0,0,0,0,0,0B335,Round Lake Ojibwa,ojs,"Ojibwa, Severn",ojs,"Ojibwa, Severn",Algic,Algonquian,Ojibwa-Potawatomi,NA,NA,NA,NA,NA,NA,0,0,0,0,0,0B336,Allcatcho,crx,Carrier,crx,Carrier,Eyak-Athabaskan,Athabaskan,Northern Athabaskan,NA,NA,NA,NA,NA,NA,0,0,0,0,0,0B337,Nipigon Ojibwa,ojc,"Ojibwa, Central",ojc,"Ojibwa, Central",Algic,Algonquian,Ojibwa-Potawatomi,NA,NA,NA,NA,NA,NA,0,0,0,0,0,0B338,Mistassini Cree,crj,"Cree, Southern East",crj,"Cree, Southern East",Algic,Algonquian,Cree-Montagnais,NA,NA,NA,NA,NA,NA,0,0,0,0,0,0B339,North Albany Ojibwa,ojs,"Ojibwa, Severn",ojs,"Ojibwa, Severn",Algic,Algonquian,Ojibwa-Potawatomi,NA,NA,NA,NA,NA,NA,0,0,0,0,0,0B340,Waswanipi Cree,crj,"Cree, Southern East",crj,"Cree, Southern East",Algic,Algonquian,Cree-Montagnais,NA,NA,NA,NA,NA,NA,0,0,0,0,0,0B341,Wegamon Ojibwa,ojs,"Ojibwa, Severn",ojs,"Ojibwa, Severn",Algic,Algonquian,Ojibwa-Potawatomi,NA,NA,NA,NA,NA,NA,0,0,0,0,0,0B342,Montagnais,moe,Montagnais,moe,Montagnais,Algic,Algonquian,Cree-Montagnais,NA,NA,NA,NA,NA,NA,0,0,0,0,0,0B343,Sekani,sek,Sekani,sek,Sekani,Eyak-Athabaskan,Athabaskan,Northern Athabaskan,NA,NA,NA,NA,NA,NA,0,0,0,0,0,0B344,Beaver,bea,Beaver,bea,Beaver,Eyak-Athabaskan,Athabaskan,Northern Athabaskan,NA,NA,NA,NA,NA,NA,0,0,0,0,0,0B345,Slave,xsl,"Slavey, South",xsl,"Slavey, South",Eyak-Athabaskan,Athabaskan,Northern Athabaskan,NA,NA,NA,NA,NA,NA,0,0,0,0,0,0B346,Kaska,kkz,Kaska,kkz,Kaska,Eyak-Athabaskan,Athabaskan,Northern Athabaskan,NA,NA,NA,NA,NA,NA,0,0,0,0,0,0B347,Tahltan,tht,Tahltan,tht,Tahltan,Eyak-Athabaskan,Athabaskan,Northern Athabaskan,NA,NA,NA,NA,NA,NA,0,0,0,0,0,0B348,Chilcotin,clc,Chilcotin,clc,Chilcotin,Eyak-Athabaskan,Athabaskan,Northern Athabaskan,NA,NA,NA,NA,NA,NA,0,0,0,0,0,0B349,Carrier,crx,Carrier,crx,Carrier,Eyak-Athabaskan,Athabaskan,Northern Athabaskan,NA,NA,NA,NA,NA,NA,0,0,0,0,0,0B350,Mountain,scs,"Slavey, North",scs,"Slavey, North",Eyak-Athabaskan,Athabaskan,Northern Athabaskan,NA,NA,NA,NA,NA,NA,0,0,0,0,0,0B351,Han,haa,Han,haa,Han,Eyak-Athabaskan,Athabaskan,Northern Athabaskan,NA,NA,NA,NA,NA,NA,0,0,0,0,0,0B352,Hare,scs,"Slavey, North",scs,"Slavey, North",Eyak-Athabaskan,Athabaskan,Northern Athabaskan,NA,NA,NA,NA,NA,NA,0,0,0,0,0,0B353,Attawapiskat Cree,csw,"Cree, Swampy",csw,"Cree, Swampy",Algic,Algonquian,Cree-Montagnais,NA,NA,NA,NA,NA,NA,0,0,0,0,0,0B354,Koyukon,koy,Koyukon,koy,Koyukon,Eyak-Athabaskan,Athabaskan,Northern Athabaskan,NA,NA,NA,NA,NA,NA,0,0,0,0,0,0B355,Chippewyan,chp,Dene,chp,Dene,Eyak-Athabaskan,Athabaskan,Northern Athabaskan,NA,NA,NA,NA,NA,NA,0,0,0,0,0,0B356,Kutchin,gwi,Gwich’in,gwi,Gwichin,Eyak-Athabaskan,Athabaskan,Northern Athabaskan,NA,NA,NA,NA,NA,NA,0,0,0,0,0,0B357,Ingalik,ing,Degexit’an,ing,Degexitan,Eyak-Athabaskan,Athabaskan,Northern Athabaskan,NA,NA,NA,NA,NA,NA,0,0,0,0,0,0B358,Satudene-Bear Lake,scs,"Slavey, North",scs,"Slavey, North",Eyak-Athabaskan,Athabaskan,Northern Athabaskan,NA,NA,NA,NA,NA,NA,0,0,0,0,0,0B359,Nabesna,tau,"Tanana, Upper",tau,"Tanana, Upper",Eyak-Athabaskan,Athabaskan,Northern Athabaskan,NA,NA,NA,NA,NA,NA,0,0,0,0,0,0B360,Rupert House Cree,crj,"Cree, Southern East",crj,"Cree, Southern East",Algic,Algonquian,Cree-Montagnais,NA,NA,NA,NA,NA,NA,0,0,0,0,0,0B361,Dogrib,dgr,Dogrib,dgr,Dogrib,Eyak-Athabaskan,Athabaskan,Northern Athabaskan,NA,NA,NA,NA,NA,NA,0,0,0,0,0,0B362,Tanaina,tfn,Tanaina,tfn,Tanaina,Eyak-Athabaskan,Athabaskan,Northern Athabaskan,NA,NA,NA,NA,NA,NA,0,0,0,0,0,0B363,Tutchone,ttm,"Tutchone, Northern",ttm,"Tutchone, Northern",Eyak-Athabaskan,Athabaskan,Northern Athabaskan,NA,NA,NA,NA,NA,NA,0,0,0,0,0,0B364,Holikachuk,hoi,Holikachuk,hoi,Holikachuk,Eyak-Athabaskan,Athabaskan,Northern Athabaskan,NA,NA,NA,NA,NA,NA,0,0,0,0,0,0B365,Naskapi,nsk,Naskapi,nsk,Naskapi,Algic,Algonquian,Cree-Montagnais,NA,NA,NA,NA,NA,NA,0,0,0,0,0,0B369,Norton Sound Inuit,esu,"Yupik, Central",esu,"Yupik, Central",Eskimo-Aleut,Eskimo,Yupik,NA,NA,NA,NA,NA,NA,0,0,0,0,0,0B370,Kobuk Inuit,esk,"Inupiatun, Northwest Alaska",esk,"Inupiatun, Northwest Alaska",Eskimo-Aleut,Eskimo,Inuit-Inupiaq,NA,NA,NA,NA,NA,NA,0,0,0,0,0,0B371,Kotzebue Sound Inuit,esk,"Inupiatun, Northwest Alaska",esk,"Inupiatun, Northwest Alaska",Eskimo-Aleut,Eskimo,Inuit-Inupiaq,NA,NA,NA,NA,NA,NA,0,0,0,0,0,0B372,Labrador Inuit,ike,"Inuktitut, Eastern Canadian",ike,"Inuktitut, Eastern Canadian",Eskimo-Aleut,Eskimo,Inuit-Inupiaq,NA,NA,NA,NA,NA,NA,0,0,0,0,0,0B373,Great Whale Inuit,ike,"Inuktitut, Eastern Canadian",ike,"Inuktitut, Eastern Canadian",Eskimo-Aleut,Eskimo,Inuit-Inupiaq,NA,NA,NA,NA,NA,NA,0,0,0,0,0,0B374,Caribou Inuit,ikt,Inuinnaqtun,ikt,"Inuktitut, Western Canadian",Eskimo-Aleut,Eskimo,Inuit-Inupiaq,NA,NA,NA,NA,NA,NA,0,0,0,0,0,0B375,Noatak Inuit,esk,"Inupiatun, Northwest Alaska",esk,"Inupiatun, Northwest Alaska",Eskimo-Aleut,Eskimo,Inuit-Inupiaq,NA,NA,NA,NA,NA,NA,0,0,0,0,0,0B377,Nunamiut Inuit,esi,"Inupiatun, North Alaskan",esi,"Inupiatun, North Alaskan",Eskimo-Aleut,Eskimo,Inuit-Inupiaq,NA,NA,NA,NA,NA,NA,0,0,0,0,0,0B378,Mackenzie Inuit,scs,"Slavey, North",scs,"Slavey, North",Eyak-Athabaskan,Athabaskan,Northern Athabaskan,NA,NA,NA,NA,NA,NA,0,0,0,0,0,0B379,Sivokamiut Inuit,esi,"Inupiatun, North Alaskan",esi,"Inupiatun, North Alaskan",Eskimo-Aleut,Eskimo,Inuit-Inupiaq,NA,NA,NA,NA,NA,NA,0,0,0,0,0,0B380,Point Hope Inuit,esi,"Inupiatun, North Alaskan",esi,"Inupiatun, North Alaskan",Eskimo-Aleut,Eskimo,Inuit-Inupiaq,NA,NA,NA,NA,NA,NA,0,0,0,0,0,0B381,Copper Inuit,ikt,Inuinnaqtun,ikt,"Inuktitut, Western Canadian",Eskimo-Aleut,Eskimo,Inuit-Inupiaq,NA,NA,NA,NA,NA,NA,0,0,0,0,0,0B382,Utkuhikhalingmiut,ikt,Inuinnaqtun,ikt,"Inuktitut, Western Canadian",Eskimo-Aleut,Eskimo,Inuit-Inupiaq,NA,NA,NA,NA,NA,NA,0,0,0,0,0,0B383,Aivilingmiut Inuit,ikt,Inuinnaqtun,ikt,"Inuktitut, Western Canadian",Eskimo-Aleut,Eskimo,Inuit-Inupiaq,NA,NA,NA,NA,NA,NA,0,0,0,0,0,0B384,Iglulik Inuit,ikt,Inuinnaqtun,ikt,"Inuktitut, Western Canadian",Eskimo-Aleut,Eskimo,Inuit-Inupiaq,NA,NA,NA,NA,NA,NA,0,0,0,0,0,0B385,West Greenland,kal,"Inuktitut, Greenlandic",kal,"Inuktitut, Greenlandic",Eskimo-Aleut,Eskimo,Inuit-Inupiaq,NA,NA,NA,NA,NA,NA,0,0,0,0,0,0B386,Baffin Island Inuit,ike,"Inuktitut, Eastern Canadian",ike,"Inuktitut, Eastern Canadian",Eskimo-Aleut,Eskimo,Inuit-Inupiaq,NA,NA,NA,NA,NA,NA,0,0,0,0,0,0B387,Netsilik Inuit,ikt,Inuinnaqtun,ikt,"Inuktitut, Western Canadian",Eskimo-Aleut,Eskimo,Inuit-Inupiaq,NA,NA,NA,NA,NA,NA,0,0,0,0,0,0B388,Angmaksalik,kal,"Inuktitut, Greenlandic",kal,"Inuktitut, Greenlandic",Eskimo-Aleut,Eskimo,Inuit-Inupiaq,NA,NA,NA,NA,NA,NA,0,0,0,0,0,0B389,Tareumiut Inuit,esi,"Inupiatun, North Alaskan",esi,"Inupiatun, North Alaskan",Eskimo-Aleut,Eskimo,Inuit-Inupiaq,NA,NA,NA,NA,NA,NA,0,0,0,0,0,0B390,Polar Inuit,kal,"Inuktitut, Greenlandic",kal,"Inuktitut, Greenlandic",Eskimo-Aleut,Eskimo,Inuit-Inupiaq,NA,NA,NA,NA,NA,NA,0,0,0,0,0,0