taxon,glottocode,xd_ids,soc_ids
Agta,cent2084,xd908,B14
Aiwoo,ayiw1239,NA,NA
AklanonBisayan,akla1241,xd741,Ia18
Alune,alun1238,NA,NA
AmbaiYapen,amba1265,NA,NA
AmbrymSouthEast,sout2859,NA,NA
Anakalang,anak1240,NA,NA
AnejomAneityum,anei1239,NA,NA
Anuta,anut1237,NA,NA
Aputai,aput1237,NA,NA
ArakiSouthwestSanto,arak1252,NA,NA
Aria,mouk1239,NA,NA
As,asss1237,NA,NA
Asumboa,asum1237,NA,NA
Atoni,uabm1237,NA,NA
AttaPamplona,pamp1244,NA,NA
Avava,katb1237,NA,NA
Babatana,baba1268,NA,NA
Babuyan,ivat1242,NA,NA
Bajo,indo1317,xd736,"Ia13, SCCS86"
Balangaw,bala1310,NA,NA
Bali,bali1278,NA,NA
Baliledo,NA,NA,NA
BanggaiW_D,bang1368,NA,NA
BanjareseMalay,banj1239,NA,NA
Banoni,bann1247,NA,NA
Bantik,bant1286,NA,NA
Baree,pamo1252,NA,NA
Basai,basa1287,NA,NA
Belait,bela1260,NA,NA
BerawanLongTerawan,west2564,NA,NA
BigaMisool,matb1237,NA,NA
BikolNagaCity,cent2087,NA,NA
Bilibil,bilb1241,NA,NA
Bima,bima1247,NA,NA
Bintulu,bint1246,NA,NA
Binukid,binu1244,NA,NA
Bobot,bobo1254,NA,NA
BolaangMongondow,mong1342,NA,NA
Bonerate,bone1254,NA,NA
Bonfia,masi1266,NA,NA
BontokGuinaang,cent2292,NA,NA
BugineseSoppeng_D,bugi1244,NA,NA
Bugotu,bugh1239,NA,NA
Bukat,buka1261,NA,NA
Buli,buli1255,NA,NA
Buma,tean1237,NA,NA
Bunun,bunu1267,xd733,Ia10
BuruNamroleBay,buru1303,NA,NA
Buyang,emab1235,NA,NA
Bwaidoga,bwai1242,xd848,Ig16
Canala,xara1244,NA,NA
Carolinian,caro1242,NA,NA
Cebuano,cebu1242,xd735,Ia12
CentralAmis,amis1246,xd749,Ia9
CentralMasela,cent2072,NA,NA
Chamorro,cham1312,xd839,If8
ChekeHolo,chek1238,NA,NA
Chru,chru1239,NA,NA
Chuukese,chuu1238,NA,NA
ChuukeseAKATrukese,chuu1238,xd833,"If2, SCCS109"
CiuliAtayal,atay1247,xd732,"Ia1, SCCS113"
Dai,daii1240,NA,NA
DaweraDaweloor,dawe1237,NA,NA
DayakBakatiqSaraRiok,beka1241,NA,NA
DayakNgaju,ngaj1237,NA,NA
Dehu,dehu1237,xd873,Ih7
Diodio,diod1237,NA,NA
Dobuan,dobu1241,xd857,Ig5
DumagatCasiguran,casi1235,xd906,B12
ESKamberaSouthern_D,kamb1299,NA,NA
ESLewa_D,kamb1299,NA,NA
ESUmbuRatuNggai_D,kamb1299,xd771,Ic9
EastMasela,east2462,NA,NA
ElatKeiBesar,band1355,xd770,Ic8
Emae,emae1237,NA,NA
Emplawas,empl1237,NA,NA
Erai,iliu1237,NA,NA
Favorlang,babu1240,NA,NA
FijianBau,fiji1243,"xd867, xd874","Ih14, SCCS102, Ih8"
Futuna,futu1245,xd887,Ii8
FutunaEast,east2447,NA,NA
FutunaWest,NA,NA,NA
Gaddang,gadd1244,NA,NA
Gapapaiwa,gapa1238,NA,NA
GauraNggaura,kodi1247,NA,NA
Gayo,gayo1244,NA,NA
Gedaged,geda1237,NA,NA
Geser,gese1240,NA,NA
GhariGuadalcanal,ghar1239,NA,NA
Giman,gane1237,NA,NA
GorontaloHulondalo,goro1259,NA,NA
HainanCham,tsat1238,NA,NA
Hanunoo,hanu1241,xd745,Ia5
Hawaiian,hawa1245,xd895,Ij6
HituAmbon,hitu1239,xd761,Ic11
HoavaNewGeorgia,hoav1238,NA,NA
Iaai,iaai1238,NA,NA
Iban,iban1264,xd750,"Ib1, SCCS85"
Ibanag,iban1267,NA,NA
Idaan,idaa1241,NA,NA
IfiraMeleMeleFila,mele1250,NA,NA
IfugaoAmganad,amga1235,NA,NA
IfugaoBatad,bata1298,xd743,"Ia3, SCCS112"
IfugaoBayninan,kele1259,NA,NA
Iliun,iliu1237,NA,NA
Ilokano,ilok1237,NA,NA
Imorod,ivat1242,NA,NA
Imroing,imro1237,NA,NA
Inabaknon,inab1237,NA,NA
Indonesian,indo1316,NA,NA
Inibaloi,ibal1244,NA,NA
Iraralay,ivat1242,NA,NA
Isamorong,ivat1242,NA,NA
IsnegDibagatKabugaoIsneg,isna1241,NA,NA
Itbayat,ivat1242,NA,NA
Itbayaten,ivat1242,NA,NA
ItnegBinongan,bino1237,NA,NA
Ivasay,ivat1242,NA,NA
Javanese,java1254,xd751,"Ib2, SCCS83"
Jawe,jawe1237,NA,NA
Kaidipang,kaid1239,NA,NA
Kairiru,kair1263,NA,NA
KakidugenIlongot,ilon1239,NA,NA
Kalagan,kala1388,NA,NA
KalingaGuinaangLubuagan_D,lubu1243,xd739,Ia16
KallahanKayapaProper,kaya1320,NA,NA
KallahanKeleyqiq,kele1259,NA,NA
Kambera,kamb1299,NA,NA
Kanakanabu,kana1286,NA,NA
KankanayNorthern,nort2877,xd742,Ia2
Kapampangan,pamp1243,NA,NA
Kapingamarangi,kapi1249,xd886,Ii7
KaraWest,kara1486,NA,NA
KasiraIrahutu,irar1238,NA,NA
Katingan,ngaj1237,NA,NA
Kavalan,kava1241,NA,NA
KayanUmaJuman,reja1241,NA,NA
Kedang,keda1252,NA,NA
KeiTanimbarKei,keii1239,NA,NA
KelabitBario,kela1258,NA,NA
Kemak,kema1243,NA,NA
KenyahLongAnap,main1275,NA,NA
Kerinci,keri1250,NA,NA
KiaZabana,zaba1237,NA,NA
Kilivila,kili1267,xd852,"Ig2, SCCS98"
KilokakaYsabel,zaza1245,NA,NA
Kiribati,gilb1244,"xd829, xd838","If14, SCCS107, If7"
Kisar,kisa1266,NA,NA
Kodi,kodi1247,xd763,Ic13
KoiwaiIrianJaya,kowi1239,NA,NA
Kokota,koko1269,NA,NA
Komering,kome1238,NA,NA
KoronadalBlaan,koro1310,xd740,Ia17
Kove,kove1237,NA,NA
Kuanua,kuan1248,NA,NA
Kusaie,kosr1238,xd826,If11
Kwaio,kwai1243,xd850,Ig18
Kwamera,kwam1252,NA,NA
KwaraaeSolomonIslands,kwar1239,NA,NA
Lahanan,laha1253,NA,NA
Lakalai,naka1262,xd859,Ig7
Lamaholot,lama1277,xd769,Ic7
LamboyaLaboya,lamb1273,NA,NA
Lampung,lamp1243,NA,NA
Lau,lauu1247,xd870,Ih4
Leipon,leip1237,NA,NA
Lenakel,lena1238,NA,NA
Letinese,leti1246,NA,NA
Levei,kheh1237,NA,NA
Likum,liku1243,NA,NA
LioFloresTongah,lioo1240,NA,NA
Loniu,loni1238,NA,NA
Lou,louu1245,NA,NA
Luang,luan1263,NA,NA
Luangiua,onto1237,xd884,Ii5
LungaLungaMinigir,mini1251,NA,NA
LwepeSantaCruz,natu1246,NA,NA
Maanyan,maan1238,NA,NA
Madara,mand1440,NA,NA
Madurese,nucl1460,NA,NA
MagoriSouthEastPapua,mago1248,NA,NA
Makassar,maka1311,xd759,Ic1
MalayBahasaIndonesia,indo1316,NA,NA
Maleu,male1289,NA,NA
MaloSantaCruz,natu1246,NA,NA
Maloh,emba1238,NA,NA
Mamanwa,mama1275,NA,NA
Mambai,mamb1306,NA,NA
Mamboru,mamb1305,NA,NA
Manam,mana1295,xd806,Ie29
Mangareva,mang1401,xd896,Ij7
Manggarai,mang1405,NA,NA
ManoboAtadownriver,atam1240,NA,NA
ManoboAtaupriver,atam1240,NA,NA
ManoboDibabawon,diba1242,NA,NA
ManoboIlianenKibudtungan_D,ilia1236,NA,NA
ManoboKalamansigCotabatoParil_D,cota1241,NA,NA
ManoboSaranganiKayaponga_D,sara1327,NA,NA
ManoboTigwaIglogsad_D,mati1250,NA,NA
Mansaka,mans1262,NA,NA
Maori,maor1246,xd891,"Ij2, SCCS104"
Mapun,mapu1244,NA,NA
Maranao,mara1404,NA,NA
MarovoNewGeorgia,maro1244,NA,NA
Marquesan,nort2845,xd892,"Ij3, SCCS105"
Marshallese,mars1254,xd827,If12
MarshalleseE_D,mars1254,"xd832, xd834","If17, SCCS108, If3"
Masiwang,masi1266,NA,NA
Matukar,matu1261,NA,NA
Maututu,naka1262,NA,NA
Megiar,taki1248,NA,NA
Mekeo,meke1243,xd799,Ie22
MelanauMukah,cent2101,NA,NA
Melayu,stan1306,xd730,Ej8
MelayuAmbon,ambo1250,NA,NA
MelayuBrunei_D,brun1242,NA,NA
Merei,mere1242,NA,NA
MerinaMalagasy,plat1254,"xd688, xd687, xd689","Eh2, Eh10, Eh3, SCCS81"
Minangkabau,mina1268,xd755,Ib6
MinyaifuinGebe,gebe1237,NA,NA
Modang,moda1244,NA,NA
Moken,moke1242,xd728,Ej6
Mokilese,moki1238,NA,NA
Molima,moli1248,xd851,Ig19
Mor,morm1235,NA,NA
Mori,mori1268,NA,NA
Mortlockese,mort1237,xd825,If10
Mota,mota1237,xd862,Ih1
Motu,motu1246,xd786,Ie10
Mouk,mouk1239,NA,NA
MunaKatobuTongkuno_D,muna1247,NA,NA
MurnatenAlune,alun1238,NA,NA
Mussau,muss1246,NA,NA
Mwotlap,motl1237,NA,NA
Nahavaq,sout2857,xd868,Ih2
NakanaiBileki_D,naka1262,NA,NA
Nalik,nali1244,NA,NA
Namakir,nama1268,NA,NA
Naman,litz1237,NA,NA
Nanggu,nang1262,NA,NA
Nati,nati1244,NA,NA
Nauna,naun1237,NA,NA
NehanHape,neha1247,NA,NA
Nelemwa,kuma1276,NA,NA
Nembao,amba1266,NA,NA
Nengone,neng1238,NA,NA
Nese,nese1235,NA,NA
Neveei,vinm1237,NA,NA
Ngadha,ngad1261,NA,NA
NgaiborSAru,west2538,NA,NA
Nggela,gela1263,NA,NA
Nguna,nort2836,NA,NA
Nias,nias1242,NA,NA
Nila,nila1244,NA,NA
Nissan,neha1247,NA,NA
Niue,niue1239,xd888,Ii9
NorthBabar,nort2860,NA,NA
Nukuoro,nuku1260,NA,NA
NumbamiSiboma,numb1247,NA,NA
Numfor,biak1248,NA,NA
Ogan,cent2053,NA,NA
OldChinese,oldc1244,NA,NA
OldJavanese,java1254,NA,NA
Orkon,orko1234,NA,NA
PaameseSouth,paam1238,NA,NA
Paiwan,paiw1248,xd746,Ia6
Palauan,pala1344,xd824,"If1, SCCS111"
PalawanBatak,broo1239,xd900,B2
Pangasinan,pang1290,NA,NA
Patpatar,patp1243,NA,NA
Paulohi,paul1238,NA,NA
Pazeh,kulo1237,NA,NA
Penrhyn,penr1237,xd890,Ij10
Perai,pera1257,NA,NA
PeteraraMaewo,cent2058,NA,NA
PhanRangChamEasternCham,east2563,xd718,Ej11
Ponapean,pohn1238,xd836,If5
Pondok,anak1240,NA,NA
Popalia,tuka1249,NA,NA
PuloAnnan,sons1242,NA,NA
Puluwatese,pulu1242,NA,NA
PunanKelai,sega1243,xd1442,B1
Puyuma,puyu1239,xd734,Ia11
Raga,hano1246,NA,NA
RapanuiEasterIsland,rapa1244,xd898,Ij9
Rarotongan,raro1241,xd889,Ij1
RejangRejang,reja1240,NA,NA
Rennellese,renn1242,xd877,Ii10
Ririo,riri1237,NA,NA
RotiTermanu_D,term1237,xd766,Ic4
Rotuman,rotu1241,xd872,Ih6
Roviana,rovi1238,NA,NA
Rukai,ruka1240,NA,NA
Rurutuan,aust1304,NA,NA
Saa,saaa1240,xd858,Ig6
Saaroa,saar1237,NA,NA
SaipanCarolinian,caro1242,xd830,If15
Saisiat,sais1237,NA,NA
SakaoPortOlry,saka1289,NA,NA
Saliba,sali1295,NA,NA
SamalSiasi_D,cent2092,NA,NA
SambalBotolan,boto1242,xd904,B7
Samoan,samo1305,"xd876, xd880","Ii1, Ii14, SCCS106"
SangilSaraganiIslands,sang1337,NA,NA
Sangir,sang1336,NA,NA
SangirTabukang_D,sang1336,NA,NA
SantaAna,owaa1237,NA,NA
SaranganiBlaan,sara1326,NA,NA
Sasak,sasa1249,NA,NA
Satawalese,sata1237,NA,NA
Savu,sabu1255,NA,NA
Sediq,taro1264,NA,NA
Seimat,seim1238,NA,NA
Sekar,seka1247,NA,NA
Selaru,sela1259,xd768,Ic6
Sengseng,seng1281,NA,NA
Serili,seri1255,NA,NA
Serua,seru1245,NA,NA
Siar,siar1238,NA,NA
Sika,sika1262,NA,NA
Sikaiana,sika1261,NA,NA
Simbo,simb1256,xd860,Ig8
Singhi,baub1235,NA,NA
Siraya,sira1267,NA,NA
Sisingga,baba1268,NA,NA
Soa,cent2074,NA,NA
Soboyo,tali1262,NA,NA
SouthEastBabar,sout2883,NA,NA
SouthEfate,sout2856,NA,NA
SquliqAtayal,atay1247,NA,NA
Suau,suau1242,xd846,Ig14
SubanonSiocon,west2557,NA,NA
SubanunSindangan,cent2089,xd744,Ia4
Sunda,sund1252,NA,NA
Surigaonon,suri1273,NA,NA
SyeErromangan,siee1239,xd865,Ih12
Tabar,mand1440,NA,NA
TaeSToraja,tora1261,xd767,"Ic5, SCCS87"
Tagalog,taga1270,NA,NA
TagbanwaAborlan_D,cent2090,xd747,Ia7
TagbanwaKalamianCoronIsland_D,cala1258,NA,NA
TahitianModern,tahi1242,xd897,Ij8
Taiof,sapo1253,NA,NA
Takuu,taku1257,NA,NA
Talur,galo1243,NA,NA
Tanema,tane1237,NA,NA
Tanimbili,tani1255,NA,NA
TannaSouthwest,sout2869,xd863,Ih10
Tape,mara1399,NA,NA
TausugJolo_D,taus1251,NA,NA
TboliTagabili,tbol1240,NA,NA
Teanu,tean1237,NA,NA
TelaMasbuar,tela1241,NA,NA
Teop,teop1238,NA,NA
Tetum,tetu1246,NA,NA
Teun,teun1241,NA,NA
Thao,thao1240,NA,NA
Tiang,tian1237,NA,NA
Tigak,tiga1245,NA,NA
Tikopia,tiko1237,xd881,"Ii2, SCCS100"
TimugonMurut,timu1262,NA,NA
Toambaita,toab1237,NA,NA
TobaBatak,bata1289,xd753,Ib4
Tokelau,toke1240,xd885,Ii6
Tolo,tali1259,NA,NA
Tongan,tong1325,xd878,Ii12
Tontemboan,tont1239,NA,NA
Tsou,tsou1248,NA,NA
Tuamotu,tuam1242,xd894,Ij5
Tugun,tugu1245,NA,NA
TungagTungakLavongai,tung1290,NA,NA
Tunjung,tunj1244,NA,NA
Tuvalu,tuva1244,xd883,Ii4
Ubir,ubir1237,NA,NA
UjirNAru,ujir1237,NA,NA
Ura,urav1235,NA,NA
UveaEast,wall1257,NA,NA
UveaWest,west2516,NA,NA
VaeakauTaumako,pile1238,NA,NA
VaghuaChoiseul,vagh1249,xd844,Ig12
Vano,vano1237,NA,NA
Varisi,vari1239,NA,NA
Vitu,mudu1242,xd849,Ig17
WBukidnonManobo,west2555,xd738,Ia15
Wanukaka,wanu1241,NA,NA
Waropen,waro1242,xd820,Ie6
Watubela,watu1247,NA,NA
WejewaTanaRighu_D,weje1237,NA,NA
Werinama,bobo1254,NA,NA
WindesiWandamen,wand1267,NA,NA
Wogeo,woge1237,xd818,Ie4
Woleai,wole1240,xd835,If4
Woleaian,wole1240,xd831,If16
Wolio,woli1241,NA,NA
Wuna,muna1247,NA,NA
Wuvulu,wuvu1239,xd845,Ig13
Yakan,yaka1277,NA,NA
Yamdena,yamd1240,NA,NA
Yami,yami1254,xd737,Ia14
